,,,,,,,,,,,,,,,,,
,,,,,,,,,,,,,,,,,
БАМ,Клиент из базы данных,Юридическое лицо,Виконавець,№ договора ,Дата договора,Реквизити,Директор,(надалі,PO MS и ТМА,Выкладка с ПОСМ (1),ТМА Додаток №,ТМА Додаток від,Період закупівлі,Авторизація,Коментарі,Column17,Column18
Литвинюк Микита,Аптеки Запоріжжя,ПрАТ Аптеки Запоріжжя,"ПРИВАТНЕ АКЦІОНЕРНЕ ТОВАРИСТВО «АПТЕКИ  ЗАПОРІЖЖЯ» (надалі – «Виконавець»), що створене та здійснює свою діяльність відповідно до законодавства України, в особі Голови правління Кучеренко С.О., що діє на підставі Статуту",260326,«01» березня 2026 року,"ПрАТ «Аптеки Запоріжжя»
Адреса (юридична  та поштова): 
69050, м. Запоріжжя, 
вул. Складська, 6
Код ЄДРПОУ 01977334
Код ІПН № 019773308278 , св.№ 200049431 
Банківські реквізити: 
IBAN UA633204780000026007924921260
в АБ "" УКРГАЗБАНК""
МФО 320478      
Контактна електронна адреса: sales1@apteki.zp.ua
Голова правління
  ________________ / С.О.Кучеренко/                                          
                  М.П", Голова правління ________________________/С.О. Кучеренко /,50,750105491,,,,,,,,
Литвинюк Микита,І.К.ВЕЛ,ТОВ «І.К.ВЕЛ»,"ТОВАРИСТВО З ОБМЕЖЕНОЮ ВІДПОВІДАЛЬНІСТЮ «І.К.ВЕЛ» (надалі – «Виконавець»), що
створене та здійснює свою діяльність відповідно до законодавства України, в особі Директора
Барабаш Богдани Сергіївни, що діє на підставі Статуту, з однієї сторони",270326,«01» березня 2026 року,"ТОВ «І.К.ВЕЛ» м. Дніпро, Узвіз Селянський, 3А
IBAN: UA263054820000026002300234837
МФО 305482
ДНІПРОПЕТРОВСЬКЕ ОУ АТ ""ОЩАДБАНК""
Код ЄДРПОУ 36439904
ІПН 364399004632
Св-во № 100221024            

Директор
_____________________/Богдана БАРАБАШ/","Директор
_____________________/Богдана БАРАБАШ/",49,,1,,,,,,,
Литвинюк Микита,Магнолія,ТОВ «АПТЕКА НИЗЬКИХ ЦІН КРЕМІНЬ»,"ТОВАРИСТВО З ОБМЕЖЕНОЮ ВІДПОВІДАЛЬНІСТЮ «АПТЕКА НИЗЬКИХ ЦІН КРЕМІНЬ» (надалі – «Виконавець»), що створене та здійснює свою діяльність відповідно до законодавства України, в особі директора Підгірної Людмили Олегівни, яка діє на підставі Статуту, з однієї сторони, та",290426/1,«01» квітня 2026 року,"ТОВ «АПТЕКА НИЗЬКИХ ЦІН КРЕМІНЬ»
69005, м. Запоріжжя, бульвар Центральний, буд. 25
ЄДРПОУ 37965667, ІПН 379656616033
UA903005280000026002455010690 в АТ «ОТП Банк»
UA773348510000026001962491933 в АТ “ПУМБ”
Витяг з реєстру платників ПДВ №1608294501219
Ліцензія АВ №579825 від 06.12.2011
Директор
_________________ Людмила ПІДГІРНА",Директор _________________ Л.О. Підгірна,68,750101167,,,,,,,,
Литвинюк Микита,Мед-Сервіс,ТОВ «АПТЕКА ГОРМОНАЛЬНИХ ПРЕПАРАТІВ»,"ТОВАРИСТВО З ОБМЕЖЕНОЮ ВІДПОВІДАЛЬНІСТЮ «АПТЕКА ГОРМОНАЛЬНИХ ПРЕПАРАТІВ» (надалі – «Виконавець»), що створене та здійснює свою діяльність відповідно до законодавства України, в особі директора Жиленко Анни Вікторівни, що діє на підставі Статуту",280326,«27» лютого 2026 року,"ТОВ «АПТЕКА ГОРМОНАЛЬНИХ ПРЕПАРАТІВ»
Юридична адреса: 49000, Дніпропетровська обл., м. Дніпро, вул. Березинська, буд. 14, кв. 40
 Банківські реквізити:                                                                     
UA613052990000026000000133839 
МФО 305299 в АТ КБ ""ПРИВАТБАНК""
ЄДРПОУ 22974151; ІПН 229741526105
Тел. +38(044)5031387
Директор________________ Жиленко А.В.",Директор________________ Жиленко А.В.,72,750105503,1,6,«01» липня 2026 року,з «01» серпня по «30» вересня 2026 року,13000,"Супрадин - 26 тис, якщо за серпень та вересень",,
Литвинюк Микита,Роджерс,ТОВ «РОДЖЕРС»,"ТОВАРИСТВО З ОБМЕЖЕНОЮ ВІДПОВІДАЛЬНІСТЮ «РОДЖЕРС» (надалі «Виконавець» або ТОВ «РОДЖЕРС»), створений та здійснює свою діяльність у відповідності до законодавства України, в особі директора Богацького Володимира Анатолійовича, що діє на підставі Статуту",300326,«27» лютого 2026 року,"ТОВ «РОДЖЕРС»
69104 м. Запоріжжя, вул. Чумаченка, буд.41 
кв.13 (юридична адреса)                                                                                                                                                                                                                                                                                                                                                                                                                                                                                  Поштова адреса: 69027 м. Запоріжжя, вул. Барикадна, 35
ЄДРПОУ 23285637, ІПН 232856308278
UA723005280000026007001313229  в ""ОТП БАНК"" МФО 300528 
Витяг з реєстру платників ПДВ №1608294501219
Ліцензія АВ №579825 від 06.12.2011

Директор _________________ Богацький В.А.",Директор _________________ Богацький В.А.,49,,,,,,,,,
Литвинюк Микита,Розетка,ТОВ «РОЗЕТКА.УА»,"ТОВАРИСТВО З ОБМЕЖЕНОЮ ВІДПОВІДАЛЬНІСТЮ «РОЗЕТКА. УА», платник ПДВ та податку
на прибуток підприємств на загальних умовах, в особі директора Галченка Олексія Олександровича, який
діє на підставі Статуту, надалі - «Виконавець», з іншої сторони",2025/243602/Р-ПС,«15» серпня  2025 року,"ТОВ ""РОЗЕТКА. УА""
01103 м. Київ, б-р Миколи Міхновського, буд. 8-А
Тел. (044) 228-09-01
ЄДРПОУ 37193071
IBAN UA153510050000026007879122401
Банк: АТ ""УКРСИББАНК"", в м. Київ
ІПН 371930726554","Директор
__________________ Галченко О.О.",-1,,,,,,,,,
Литвинюк Микита,Факультет,ТОВ «ФАКУЛЬТЕТ-ФАРМ»,"ТОВАРИСТВО З ОБМЕЖЕНОЮ ВІДПОВІДАЛЬНІСТЮ «ФАКУЛЬТЕТ-ФАРМ» (надалі– «Виконавець») що створене та здійснює свою діяльність відповідно до законодавства України, в особі директора Семеника Владислава Сергійовича, що діє на підставі Статуту ",550326,«01» березня 2026 року,"ТОВ «ФАКУЛЬТЕТ-ФАРМ»
Місцезнаходження: 49000, м. Дніпро,
вул. Королеви Єлизавети ІІ, буд. 2
Адреса для листування: 49094, м. Дніпро,
а/с 4736 (вул. Набережна Перемоги, буд. 62)
IBAN: UA18 305299 00000 26001050253315
в АТ КБ «Приватбанк»
МФО 305299
Код ЄДРПОУ – 39318419
ІПН – 393184104200
Контактна електронна адреса:
sb@facultet.dp.ua","Директор
___________________ Семеник В.С",56,,,8,«01» липня 2026 року,з «01» серпня по «31» серпня 2026 року,,,,
Литвинюк Микита,Конвалія,"ФОП
Коваленко Іван Олегович","Фізична-особа підприємець Коваленко Іван Олегович (надалі «Виконавець» або ФОП Коваленко Іван Олегович), що створена та здійснює свою діяльність у відповідності до законодавства України, яка зареєстрована в Єдиному державному реєстрі юридичних юридичних осіб, фізичних осіб-підприємців та громадських формувань, про що в ЄДР зроблено відповдний
запис, № запису про включення відомостей до ЄДР 2 227 000 0000 008746 від 06.06.2005р., з
однієї сторони, та",510426,«23» березня 2026 року,"Фізична-особа підприємець Коваленко Іван
Олегович
Юридична і фактична адреса:
Україна, 50077, Дніпропетровська обл.,
м. Кривий Ріг, вул. Івана Сірка, буд. 43, кв. 10
Банківські реквізити:
IBAN: UA403052990000026009030401015
Код отримувача: 3010218472
Назва банку: АТ КБ ""ПРИВАТБАНК""
ФОП
________________________ Коваленко І.О","ФОП
________________________ Коваленко І.О.",49,,,,,,,,,
Литвинюк Микита,Екоаптека,ФОП Кісельова Ольга Владиславівна,"Фізична-особа підприємець Кісельова Ольга Владиславівна (надалі «Виконавець» або ФОП Кісельова Ольга Владиславівна), створена та здійснює свою діяльність у відповідності до законодавства України, яка зареєстрована в Єдиному державному реєстрі юридичних осіб, фізичних осіб-підприємців та громадських формувань, про що в ЄДР зроблено відповідний запис, № запису
про включення відомостей до ЄДР 2 229 000 0000 000924 від 28.07.2005р., та",310726,«01» липня 2026 року,"Фізична особа-підприємець
Кісельова Ольга Владиславівна
Юридична і фактична адреса:
51206, Дніпропетровська обл., м.Самар,
вул. Подолянська, буд. №9
Банківські реквізити:
РНОКПП 2487106623
IBAN: UA303052990000026008060733129, в
АТ КБ ""ПРИВАТБАНК"", МФО 305299
ЄДРПОУ банку 14360570
Тел.+38 073-816-16-16
Контактна електронна адреса:
zakupkakiseleva@gmail.com",ФОП _______________________ Ольга КІСЕЛЬОВА,,,,3,«01» липня 2026 року,з «01» серпня по «31» серпня 2026 року,,,,
Кобилінська Лідія,УАХ,ТОВ “ПОЛЮС ВІТА”,"ТОВ ""ПОЛЮС ВІТА"", в особі директора Шерембея Вадима Вікторовича, що діє на підставі Статуту,  з однієї сторони, та",510926,«27» лютого 2026 року,"ТОВ “ПОЛЮС ВІТА”
Код ЄДРПОУ 35864764
Україна, 04070, місто Київ, вул. Сагайдачного Петра, будинок 8
IBAN: UA553003350000000260082474361
в АТ ""Райффайзен Банк"", МФО 300335
ІПН 358647604102
є платником податку на прибуток на загальних підставах, платником ПДВ
телефон: +38 (050) 156 42 00
ел пошта: ppplusvita@gmail.com

Директор  _________    Вадим Шерембей",Директор  _________    Вадим Шерембей,-1,750105952,1,9,«31» липня 2026 року,з «01» серпня по «31» серпня 2026 року,12000,Супрадин - 12 тис,,
Кобилінська Лідія,Фоззі-Фарм,ТОВ «ФОЗЗІ-ФАРМ»,"Товариство з обмеженою відповідальністю «ФОЗЗІ-ФАРМ» (надалі – «Виконавець»), що створене та здійснює свою діяльність відповідно до законодавства України, в особі директора Смаглюк Наталії Юріївни, що діє на підставі Статуту",210426,«19» березня 2026 року,"ТОВ «ФОЗЗІ-ФАРМ»
Місцезнаходження: 08132, Київська область, Бучанський р-н, м. Вишневе, вул. Промислова,5
Адреса офісу: 02094, м. Київ, пров. Хоткевича Гната, 2а
IBAN: UA633071230000026000020063455 в
ПАТ ""Банк Восток"" м. Київ
МФО 307123
ЗКПО 31593780
код 31593780 
і пн. № 315937810139
Тел. (044) 354-62-81
Контактна електронна адреса: g.churikova@fozzy.ua

Директор 
_____________________ /Смаглюк Н. Ю./","Директор 
_____________________ /Смаглюк Н. Ю./",52,750105564,1,8,«31» липня 2026 року,з «01» серпня по «31» серпня 2026 року,11000,"Супрадин - 9 тис, Елевіт 2 - 2 тис.",,
Кобилінська Лідія,Анрі-Фарм,ТОВ «АНРІ-ГРУП» ,"Товариство з обмеженою відповідальністю «АНРІ-ГРУП» (надалі – «Виконавець») в особі директора Копилюк Наталії Ігорівни, що діє на підставі Статуту, з однієї сторони, та  ",220426,«30» березня 2026 року,"ТОВ «АНРІ-ГРУП»

Юридична адреса: 
10008 м. Житомир, вул. Житній Базар, буд. 8 
код ЄДРПОУ: 42225775
IBAN: UA12 305299 00000 26001006704788
в АТ КБ «ПРИВАТБАНК» філія «КИЇВСІТІ», 
МФО 305299,    
ПН 422257726597
Контактна електронна адреса:
anri-pharm37@ukr.net

Директор ТОВ «АНРІ-ГРУП»
_________________ /Н. І. Копилюк/","Директор
_________________ /Н. І. Копилюк/",51,,,6,«31» липня 2026 року,з «01» серпня по «31» серпня 2026 року,1500," Супрадин - 1,5 тис",,
Кобилінська Лідія,"Триоль, г. Полтава",ТОВ “Фірма “Триоль” ЛТД,"ТОВ “Фірма “Триоль” ЛТД, в особі директора Хіміча Сергія Дмитровича, що діє на підставі Статуту, з однієї сторони, та ",540426,«16» березня 2026 року,"ТОВ “Фірма “ТРИОЛЬ” ЛТД”

Юридична адреса: м. Полтава, вул. Європейська, 35, 36000
Фактична адреса: м. Полтава, вул. Кірхова, 12а, 36003
IBAN:  UA513052990000026005041203455  в АТ КБ ”ПРИВАТБАНК”
МФО 305299 ЄДРПОУ 24386843
ІПН 243868416321
тел 0503053042
triol.center@gmail.com
   
Директор ___________Хіміч С.Д.
",Директор ___________Хіміч С.Д,-1,,,,,,,,,
Кобилінська Лідія,Цитрус Фарм,ТОВ «ЦИТРУС-ФАРМ»,"ТОВАРИСТВО З ОБМЕЖЕНОЮ ВІДПОВІДАЛЬНІСТЮ «ЦИТРУС-ФАРМ», в особі Генерального директора Васянович О.І., яка діє на підставі Статуту, з однієї сторони, та",240426,«13» березня 2026 року,"ТОВАРИСТВО З ОБМЕЖЕНОЮ ВІДПОВІДАЛЬНІСТЮ «ЦИТРУС-ФАРМ»
Код ЄДРПОУ 38995378
Фактична і поштова адреса:  04074, м. Київ, проспект Європейського Союзу, буд. 5 ""Б""
Банківські реквізити:
IBAN:  UA573510050000026009879250296
Банк: АТ ""УКРСИББАНК""
ІПН 389953726522
Контактна інформація:
Тел.:  (044) 337-37-00
Адреса ел. пошти:  office@citruspharm.com.ua
Генеральний директор
_______________________/Васянович О.І/","Генеральний директор
_______________________/Васянович О.І/",-1,,,,,,,,,
Кобилінська Лідія,Мережа 3І,ТОВ «ЛІДЕР-ЗАХІД» ,"ТОВАРИСТВО З ОБМЕЖЕНОЮ ВІДПОВІДАЛЬНІСТЮ «ЛІДЕР-ЗАХІД» (надалі – «Виконавець» або ТОВ «ЛІДЕР-ЗАХІД»), що створене та здійснює свою діяльність відповідно до законодавства України, в особі директора Вільчинської Оксани Володимирівни, що діє на підставі Статуту ",250426,«17» березня 2026 року,"ТОВ «Лідер-Захід»
Україна, 81130
Львівська обл, Львівський р-н,
с.Сокільники, вул.Стрийська 20
тел. (032) – 297-18-23
ІВАН UA433253650000002600001677078
АТ «Кредобанк» у м. Львові
МФО 325365,
ЄДРПОУ 38994526,
ІПН 389945213233
Директор
_______________Оксана Вільчинська","Директор
 ___________ Оксана ВІЛЬЧИНСЬКА",53,,,8,«30» липня 2026 року,з «01» серпня по «31» серпня 2026 року,,,,
Кобилінська Лідія,UPG,ПП «Укрпалетсистем» ,"Приватне підприємство «Укрпалетсистем»  (надалі– «Виконавець») що створене та здійснює свою діяльність відповідно до законодавства України, в особі операційного директора Анатолія     Можара, що діє на підставі Статуту, з однієї сторони, та",560626,«01» червня 2026 року,"ПП «УКРПАЛЕТСИСТЕМ»
 Юридична адреса: 11571, Житомирська обл., 
Коростенський р-н, с. Ушомир, вул. Березюка, 15
Поштова адреса: 11510, Житомирська обл., 
м. Коростень, вул. Білокоровицьке шосе, 20
IBAN UA073204780000000026009146795
в АБ «УКРГАЗБАНК»                                    
Код ЄДРПОУ 32285225
ІПН 322852206095                                              
Витяг ПДВ 1506094500039
Тел.(факс) (04142) 4-88-52, 4-94-76
Контактна електронна адреса: support@upg.ua
 
Операційний директор 
__________________________ А.В.Можар","Операційний директор 
________________ А.В.Можар",,,,,,,,,,
Кобилінська Лідія,Бакстон,ТОВ «БАКСТОН»,"ТОВАРИСТВО З ОБМЕЖЕНОЮ ВІДПОВІДАЛЬНІСТЮ «БАКСТОН» (надалі – «Виконавець»), в особі директора Штойко Сергія Віталійовича, що діє на підставі Статуту, з однієї сторони, та",230425,«01» квітня  2025 року,"ТОВ «БАКСТОН»
Юр. адреса: 02166, м. Київ, проспект Лісовий, 39-А

ЄДРПОУ 32978645
ІПН 329786426524 
п/р  UA 71 300528 0000026000000014849, м. Київ в АТ ""ОТП Банк""
Платник податку на прибуток на загальних підставах.
Платник ПДВ.
тел. (044) 5185221        info@apteka.org.ua
Директор 
ТОВ «БАКСТОН» _______________Штойко Сергій Віталійович ","Директор 

_____________  Штойко Сергій Віталійович ",,,,22,«31» липня 2026 року,з «01» серпня по «31» серпня 2026 року,110000, Супрадин,,
Бровкіна Світлана,Аптека НЦ,ТОВ «Аптека НЦ»,"ТОВАРИСТВО З ОБМЕЖЕНОЮ ВІДПОВІДАЛЬНІСТЮ «Аптека НЦ» (надалі – «Виконавець»), що створене та здійснює свою діяльність відповідно до законодавства України, в особі Директора Шутяк Наталії Володимирівни, що діє на підставі Статуту",100426,«30» березня 2026 року,"ТОВ «Аптека НЦ»
Юридична адреса:
03150, Київ, 
вул. Велика Васильківська, 81
Телефон 044 529 62 21

Банківські реквізити:
Код ЄДРПОУ 20075951
Св-во платника податків 37663854
ІПН 200759526554
IBAN: UA393052990000026008015004160
КБ ""ПРИВАТБАНК"" М.ДНІПРОПЕТРОВСЬК,
МФО 305299

Контактна електронна адреса: 
director@anc.kiev.ua

Директор
__________________ Шутяк Н.В.",Директор ______________Шутяк Наталія Володимирівна,51,750107475,1,,,,,,,
Бровкіна Світлана,АВК Фарм,ТОВ «АВК ФАРМ»,"Товариство з обмеженою відповідальністю «АВК ФАРМ» (надалі – «Виконавець»), в особі директора Ковтонюка Сергія Вікторовича, що діє на підставі Статуту",110426,«27» лютого 2026 року,"ТОВ «АВК ФАРМ»

Юридична адреса і поштова адреса: 
13300 Житомирська обл.,
м. Бердичів, вул. Житомирська, 38
код ЄДРПОУ  37124474
ІПН 371244706031 
IBAN:UA343116470000026002300806754 
МФО 311647 в АТ «Ощадбанк» 
Тел. (04143)4-25-15    
Контактна електронна адреса: 
tatyanakovt@gmail.com

Директор _______________  Ковтонюк С.В.",Директор _______________ Ковтонюк С.В.,50,750101166,1,10,«31» липня 2026 року,з «01» серпня по «31» серпня 2026 року,,,,
Бровкіна Світлана,Санітас,ПП Фірма «Санітас»,"Приватне підприємство фірма «Санітас» (надалі – «Виконавець») в особі директора Янковського Дмитра Ігоровича, що діє на підставі Статуту",120426,«27» лютого 2026 року,"ПП Фірма «Санітас» 

Юридична адреса: 
10029,м.Житомир,вул..Київська 7/4 кв.1 
Фактична адреса: 
м.Житомир,пров.1-й Сінний,4 тел.(0412)-418-416 
IBAN: UA91 3003 3500 0000 0026 0054 1235 6     
в АТ ""Райффайзен Банк Аваль"" 
Мфо банку:300335
ЄДРПОУ 22065477 
ІПН 220654706250 
свідоцтво № 09613253 
Контактна електронна адреса: dmitriy.sanitas@ukr.net

Директор _________________ Янковський Д.І.",Директор _________________ Янковський Д.І.,37,750107259,1,10,«31» липня 2026 року,з «01» серпня по «31» серпня 2026 року,,,,
Бровкіна Світлана,Галафарм,"ТОВ ""ЛЮДМИЛА-ФАРМ КО""","ТОВАРИСТВО З ОБМЕЖЕНОЮ ВІДПОВІДАЛЬНІСТЮ «ЛЮДМИЛА-ФАРМ КО» (надалі – «Виконавець») в особі Генерального директора Юрчика Максима Вікторовича., що діє на підставі Статуту",520426,«27» лютого 2026 року,"ТОВАРИСТВО З ОБМЕЖЕНОЮ ВІДПОВІДАЛЬНІСТЮ
«ЛЮДМИЛА-ФАРМ КО»
Код ЄДРПОУ 25271289
Юридична адреса:
03127, м. Київ, вул. Виставкова, 2
Поштова адреса:
02094, м. Київ, вул. Я.Гніздовського,1
IBAN: UA343510050000026001548936300
в ПАТ «УКРСИББАНК» в м. Києві, МФО 351005
Свідоцтво платника ПДВ № 200042278, ІПН 252712826507
тел: 044 503-90-00
Генеральний директор
_____________________Юрчик М.В.","Генеральний директор
_____________________Юрчик М.В",57,,,,,,,,,
Бровкіна Світлана,Фармація КП,"КП ""Фармація""","Комунальне підприємство «Фармація» (надалі – «Виконавець») в особі начальника відділу категорійного менеджменту 
та управління товарним асортиментом Дмитренко Т.В., що діє на підставі Довіреності №281 від «29» травня 2025",530426,«27» лютого 2026 року,"КП  «Фармація»

Юридична адреса: 
01054, м. Київ, вул. Івана Франка, 38-Б 
код ЄДРПОУ: 05415852
IBAN: UA 923534890000026005588488001
в АТ «АСВІО БАНК» м. Чернігів, 
МФО 353489,    
Св-во платника ПДВ № 39071738
ІПН 054158526596



Начальник відділу категорійного менеджменту 
та управління товарним асортиментом
КП «Фармація»

_________________ /Дмитренко Т.В./","Начальник відділу категорійного менеджменту 
та управління товарним асортиментом _________________ Дмитренко Т.В.",34,750117021,1,,,,,,,
Бровкіна Світлана,Добробут,ТОВ «Медичний центр «Добробут-Поліклініка» ,"Товариство з обмеженою відповідальністю «Медичний центр «Добробут-Поліклініка» (надалі – «Виконавець») в особі уповноваженого представника Литвиненко Ганни Євгеніївни, який діє на підставі Довіреності №24/12/25  від 24.12.25 р.",160426,«30» березня 2026 року,"ТОВ «Медичний центр «Добробут-Поліклініка»
Місцезнаходження: 
02072, м. Київ, проспект Миколи Бажана, буд. 12А
Код за ЄДРПОУ 38806862
IBAN: UA223348510000000026007124659 
в АТ «ПУМБ»
ІПН 388068626513
тел. (044) 495-28-88
Контактна електронна адреса:
boiko.i@med.dobrobut.com

Представник за довіреністю

____________________Ганна Литвиненко","Представник за довіреністю

____________________Ганна Литвиненко",78,750117025,1,,,,,,,
Бровкіна Світлана,Адоніс МПП,МПП ФІРМА «АДОНІС»,"МАЛЕ ПРИВАТНЕ ПІДПРИЄМСТВО ФІРМА «АДОНІС» (надалі – «Виконавець»), в особі директора Жданюка Юрія Олександровича, що діє на підставі Статуту",180426,«30» березня 2026 року,"МАЛЕ ПРИВАТНЕ ПІДПРИЄМСТВО ФІРМА «АДОНІС»
МПП ФІРМА «АДОНІС»

Юридична адреса: 08540, Київська обл., Фастівський р-н., с. Велика Снітинка, вул. Київська,31

Поштова адреса: 08500, Київська обл., м. Фастів, вул. Героїв Чорнобиля, 26

IBAN UA‎033226690000002600530101545  в   ГУ  по м‎. Києву та Київській області  АТ‎""‎Ощадбанк‎""   МФО 322669           

UA973348510000000026000248628 в АТ «ПУМБ»

код ЄДРПОУ  23241083
ІПН 232410810245
Свідоцтво ПДВ №14100652

МПП ФІРМА «АДОНІС»  є платником податку на загальних умовах 

 Директор Жданюк Юрій Олександрович
yura@apteka-adonis.com.ua
телефон 0979278302","Директор
_____________ Жданюк Юрій Олександрович",41,,,,,,,,,
Бровкіна Світлана,МАУДАУ,Товариство з обмеженою відповідальністю «МАУДАУ»,"Товариство з обмеженою відповідальністю «МАУДАУ», яке представляє Директор
ДОМБРОВСЬКИЙ АРТЕМ ВОЛОДИМИРОВИЧ, що діє на підставі Статуту",МД-1405/2025,«01» жовтня  2025 року,"ТОВ «МАУДАУ»
03062, м. Київ, вул. Стрийська, буд. 6
Код ЄДРПОУ 44021873, ІПН 440218726536
Банківські реквізити:
UA353071230000026002010868970 в ПАТ «БАНК ВОСТОК»","ДОМБРОВСЬКИЙ АРТЕМ ВОЛОДИМИРОВИЧ
Директор ТОВ «МАУДАУ»",-1,,,,,,,,,
Бровкіна Світлана,Епіцентр,ТОВ «ЕПІЦЕНТР К»,"Товариство з обмеженою відповідальністю «ЕПІЦЕНТР К» (надалі – «Виконавець») в особі керівника департаменту Перепелиці Марини Юріївни, що діє на підставі Довіреності",150426,«30» березня  2026 року,"ТОВ «ЕПІЦЕНТР К»
04128, м. Київ, вул. Берковецька, 6-К
Ідентифікаційний код за ЄДРПОУ 32490244
Банківські реквізити:
IBAN UA293003350000000260062195136
АТ ""РАЙФФАЙЗЕН БАНК АВАЛЬ"" у м. Києві 
ІПН 324902426531
Тел. (044) 206-26-00
Контактна електронна адреса:
m.perepelytsia@epicentrk.ua


Керівник департаменту

_________________ Перепелиця М.Ю.","Керівник департаменту

_________________Перепелиця М.Ю.",52,750117026,1,,,,,,,
Бровкіна Світлана,Фармастор,ТОВ «Фармастор»,"Товариство з обмеженою відповідальністю «ФАРМАСТОР» (надалі – «Виконавець») в особі в.о. Директора Васильєва Євгенія Анатолійовича, що діє на підставі Наказу №123/16-к 24.06.2026 р.",570726,«01» липня 2026 року,"ТОВ ""ФАРМАСТОР"" Місцезнаходження: вул. Межова, буд. 18, м. Київ, 04123
Поштова адреса: вул. Кирилівська, 40-Р, 4-й поверх, м. Київ, 04080
Код ЄДРПОУ 34048360, ІПН 340483626565
IBAN UA123065000000026001300002574
в АТ «АБ РАДАБАНК», м. Дніпро,МФО 306500, т. 044 538-07-07, ф. 044 538-07-08  ",В.о. директора _________________ Євгеній Васильєв,,,,4,«31» липня 2026 року,з «03» серпня по «31» серпня 2026 року,25000,Супрадин - 25 тис,,
Бровкіна Світлана,Мірра,ТОВ «АПТЕКА МІРРА»,"Товариство з обмеженою відповідальністю «АПТЕКА МІРРА» (надалі – «Виконавець»), що створене та
здійснює свою діяльність відповідно до законодавства України, в особі директора Євгена ТИЛЯ, який діє на
підставі Статуту, з однієї сторони, та",580726,«01» липня 2026 року,"ТОВ «АПТЕКА МІРРА»
Місцезнаходження: вул. Польова, буд. 2А,
с-ще Баришівка, Броварський р-н, Київська обл.,
07501
Код за ЄДРПОУ 36865664,
ІПН 368656626563
IBAN UA173052990000026002025016809
в АТ КБ «ПРИВАТБАНК», МФО 305299
тел.: 0444841693","Директор
________________ Євген ТИЛЬ",,,,,,,,,,
Мостовий В'ячеслав,АКС-Одеса,ТОВ «АКС-Одеса»,"Товариство з обмеженою відповідальністю «АКС-ОДЕСА»  (надалі – «Виконавець») в особі директора Башли Ганни Дмитріївни, що діє на підставі Статуту",320426,«31» березня 2026 року,"ТОВ ""АКС-ОДЕСА""
п/р UA553052990000026003034900488 у банку ПАТ КБ Приватбанк,
Украина, УКРАЇНА, 65012, ОДЕСЬКА ОБЛАСТЬ, М.ОДЕСА, ВУЛ. ОДЕСА-ГОЛОВНА, БУД. 35, тел.: (048) 777-32-14,
код за ЄДРПОУ 40255829, ІПН 402558215335, № свід. 1615334500052Директор   

 _______________/Г.Д.Башли",Директор    _______________/Г.Д.Башли,52,705107258,1,,,,,,,
Мостовий В'ячеслав,Анкор Фарм,ПП «АНКОР ФАРМ»,"Приватне підприємство «АНКОР ФАРМ» (надалі – «Виконавець») в особі директора Рожка Павла Борисовича, що діє на підставі Статуту",330426,«31» березня 2026 року,"ПП «АНКОР ФАРМ»

Адреса (юридична та поштова): Україна, 
65020, м. Одеса, вул. Льва Толстого, буд. 32
Код ЄДРПОУ 37350691
ІПН 373506915531,
Тел. (0482) 32-76-51  
                                                                                                                                                                                                                                                                                                                                                                                                                                                                                      Банківські реквізити : 
IBAN: UА283003350000000026001562299
Р/р 26001562299,
МФО 300335 в АТ  «Райффайзен Банк АВАЛЬ»Контактна електронна адреса: info@ankor.od.ua



Директор _______________  П.Б.Рожок
",Директор _______________  П.Б.Рожок,34,750107268,1,,,,,,,
Мостовий В'ячеслав,Аптека Гаєвського,ТОВ «Аптека Гаевского»,"ТОВ «АПТЕКА ГАЄВСЬКОГО» (надалі – «Виконавець») в особі директора Боднарука Миколи Миколайовича, що діє на підставі Статуту",340426,«30» березня 2026 року,"ТОВ «АПТЕКА ГАЄВСЬКОГО»

Юридична адреса: 
65023, м. Одеса,  вул. Ніжинська, 65 
Адреса для листування:  
65005,  м. Одеса,  вул. Михайлівська, 44в 
код ЄДРПОУ: 21032062
IBAN: UA093282090000026004311479501
п/р: 26004311479501 
в АБ «Південний» м.Одеси, 
МФО 328209,    
Св-во платника ПДВ№ 100304927
ІПН 210320615455
Контактна електронна адреса:
2028@farmacia.in.ua

Директор ТОВ «АПТЕКА ГАЄВСЬКОГО»

_________________ /Боднарук М.М./",Директор ТОВ «АПТЕКА ГАЄВСЬКОГО» _________________ /Боднарук М.М./,23,750107471,1,,,,,,,
Мостовий В'ячеслав,Астарта, «Астарта» Товариство з обмеженою відповідальністю ,"""Астарта"" Товариство з обмеженою відповідальністю (надалі – «Виконавець»), що створене та здійснює свою діяльність відповідно до законодавства України, в особі Директора Рудік Людмили Анатоліївни, що діє на підставі Статуту",350426,«31» березня 2026 року,"ТОВ «АСТАРТА»
Адреса (юридична та поштова): Україна,
61033, м. Харків, вул. Шевченко, 327
тел. (057) 341 -6066
Код ЄДРПОУ 30883122
ІПН 308831220315
Банківські реквізити:
IBAN: UA333515330000026002060817391
Р/р 26002060817391
ГРУ КБ ""ПРИВАТБАНК"" м.Харків
МФО 351533
Тел./факс (057) 341 -6066
Контактна електронна адреса:
rchernishov@ukr.net

Директор

___________________ Л. А. Рудік
",Директор___________________ Л. А. Рудік,49,750107261,1,,,,,,,
Мостовий В'ячеслав,Аптека 911,"ТОВ ""АПТЕКА911.ЮА""","ТОВАРИСТВО З ОБМЕЖЕНОЮ ВІДПОВІДАЛЬНІСТЮ ""АПТЕКА911.ЮА"" (надалі – «Виконавець»), що створене та здійснює свою діяльність відповідно до законодавства України, в особі Розенберга Дмитра Наумовича, що діє на підставі Наказу №22.10-1К від  «22» жовтня 2024 року",360425,«01» квітня  2025 року,"ТОВ ""АПТЕКА911.ЮА"" Ідентифікаційний код юридичної особи: 43631965 Місцезнаходження: 61038, м. Харків, в'їзд Білостоцький, 3      Банківські реквізити: UA593071230000026009010811555 в ПАТ ""БАНК ВОСТОК"", МФО: 307123       Телефон:+38 (057) 725 00 49   E-mail: office.gamma-55@ukr.net   Контактна електронна адреса: Perepelitsa_n@III.org.ua  Директор                                          _________________ Розенберг Д.М.",Директор ______________К. Д. Мордик,54,,1,,,,,,,
Мостовий В'ячеслав,Конекс,ПП «Конекс»,"Приватне підприємство «Конекс» (надалі – «Виконавець») в особі директора Мудрого Олександра Миколайовича, що діє на підставі Статуту",370426,«01» квітня  2026 року,"Приватне підприємство «Конекс»

Юридична і фактична адреса:
21036, м.Вінниця, вул. Київська, 136-Г
Банківські реквізити:
IBAN: UA733223130000026009000002965                               в  АТ «Укрексімбанку»
М.Вінниця
МФО 322313
Свідоцтво платника ПДВ № 01834300
ІПН 230601902284
ЄДРПОУ 23060192
Тел/ф 53-15-60, 53-15-59
Контактна електронна адреса:
vovk@konex.com.ua

Директор ______________Мудрий О.М.",Директор ________________Мудрий О.М.,30,,,"0,6666666667",«01» серпня 2026 року,з «03» серпня по «31» серпня 2026 року,,,,
Мостовий В'ячеслав,Експрес-Мед,ТОВ «Експрес – мед»,"ТОВ «Експрес-мед» (надалі – «Виконавець») в особі директора Гульваса Сергія Вікторовича, що діє на підставі Статуту",390426,«30» березня 2026 року,"ТОВ «Експрес – мед»

Юридична адреса:                                                       65023,м.Одеса,                                                                       вул.Ніжинська, буд.47,приміщ.103
Код ЄДРПОУ 25025314
ІПН 250253115456
Витяг з реєстру ПДВ №1915534500063
Банківські реквізити:
IBAN: UA343052990000026003044906416
в КБ ""ПРИВАТБАНК""
МФО 305299
Тел: (048)711-77-99
express-medzakaz@ukr.net


Директор _______________ С.В. Гульвас",Директор _______________ С.В. Гульвас,17,750107267,1,,,,,,,
Мостовий В'ячеслав,ТЕРРА,ОВ НВБФ «ТЕРРА»,"Науково-виробнича багатопрофільна фірма «ТЕРРА» у формі товариства з обмеженою відповідальністю надалі – «Виконавець») в особі директора Малої Олени Валентинівни , що діє на підставі Статуту, з однієї сторони, та",340426/2,«30» березня 2026 року,"ОВ НВБФ «ТЕРРА»
Юридична адреса: 65023, м. Одеса, вул. Па-
стера, 22
Код ЄДРПОУ: 21032470
п/р UA 53 328209 0000000026009311651 в
ПАТ АБ «Південний» в м. Одеса, МФО 328209
ІПН: 210324715420
ТОВ «БАЙЄР»
Юридична і фактична адреса:
04071, Київ, вул. Верхній Вал, 4-Б
Банківські реквізити:
IBAN: UA903006140000026002500345476
МФО 300614 в АТ ""КРЕДІ АГРІКОЛЬ БАНК""
ЄДРПОУ 22911794;
ІПН 229117926659Мала Олена
Валентинівна
ЄДРПОУ/ІПН
21032470
ТОВ НВБФ
""ТЕРРА""
ЄДРПОУ/ІПН
21032470
Нечаєва
Марта
Василівна
ЄДРПОУ/ІПН
22911794Погоджено:
viacheslav.mostovyi@bayer.com
Менеджер з регіонального розвитку...
Свідоцтво ПДВ № 200132131
тел.: 7205142
Контактна електронна адреса:
2028@farmacia.in.ua","Директор
_________________ /О.М. Мала./",,,,,,,,,,
Мостовий В'ячеслав,Фармація,ПрАТ «АМ «Фармація»,"Приватне акціонерне товариство «Аптечна мережа «Фармація» надалі – «Виконавець») в особі генерального директора Ліпкіної Алли Наумівни , що діє на підставі Статуту, з однієї сторони, та",340426/1,«30» березня 2026 року,"ПрАТ «АМ «Фармація»
Юридична адреса: 65026, м. Одеса, вул.
Жуковського, 20
Код ЄДРПОУ: 22447055
п/р UA 22 328209 0000026009010040054 в
ПАТ АБ «Південний» в м. Одеса –
МФО 328209
ІПН: 224470515449
Витяг з реєстру платників ПДВ
№1715534500722
Контактна електронна адреса:
2028@farmacia.in.ua","Генеральний директор
_________________ А.Н. Ліпкіна./",,,,,,,,,,
Середа Василь,Адоніс,"Приватне підприємство ""Адоніс""","Приватне підприємство «Адоніс»  (надалі – «Виконавець»), що створене та здійснює свою діяльність відповідно до законодавства України, в особі директора Носовича Михайла Васильовича, що діє на підставі Статуту",400426,«27» лютого 2026 року,"
Приватне підприємство «Адоніс»
Юридична адреса:
77202, Івано-Франківська обл.,
 м. Болехів, вул. Гетьмана Мазепи, 5
Поштова адреса:
77500, Івано-Франківська обл.,м.Долина,
вул.Грушевського,17
Код ЄДРПОУ 24681950 
ІПН 246819509201
Свідоцтво пл. ПДВ 13192738
IBAN:UA103052990000026002025503099
в АТ «Приватбанк»
Тел./факс: 0347725666 
Е-mail: Adonis-dl@ukr.net

Директор
_____________________/ Носович М.В./
",Директор_____________________/ Носович М.В./,31,750107263,1,,,,,,,
Середа Василь,Богоста,ТОВ «БМ&Н»,"Товариство з обмеженою відповідальністю «БМ&Н»  (надалі – «Виконавець»), що створене та здійснює свою діяльність відповідно до законодавства України, в особі в особі дирек-тора Богоста Михайла Степановича, що діє на підставі  Статуту ",420426,«27» лютого 2026 року,"Товариство з обмеженою відповідальністю «БМ&Н»  
Юридична і фактична адреса: 90400,Закарпатська область,м.Хуст,вул..Свободи 21 
 Банківські реквізити: р/р:2600967846 в АБ «Укр-газбанк» м.Київ МФО 320478 ЄДРПОУ 37605005, ІПН 376050007154 Тел/факс:03142-56440  
Контактна електронна адреса:  bogostani@gmail.com 
 
 IBAN:UA583204780000000002600967846
 
 
Директор__________________М.Богоста",Директор__________________М.Богоста,47,750107266,1,,,,,,,
Середа Василь,Волиньфарм,ТзОВ фірма «Волиньфарм» ,"Фірма «Волиньфарм» у формі товариства з обмеженою відповідальністю (надалі – «Виконавець»), що створене та здійснює свою діяльність відповідно до законодавства України, в особі директора Шайка Станіслава Павловича, що діє на підставі Статуту",430426,«27» лютого 2026 року,"ТзОВ фірма «Волиньфарм» 
Юридична і фактична адреса:
43025, м. Луцьк, вул. Крилова,4, 1
тел./факс (0332) 77-01-42, 77-01-52
Банківські реквізити:
п/р № 26006000013689 в філії 
АТ«Укрексімбанк» у м. Луцьку,
МФО 322313
Код ЄДРПОУ 21738610
Інд. податковий номер 217386103176
IBAN: UA113223130000026006000013689
Контактна електронна адреса: larisa@volpharm.lutsk.ua
Директор
________________________  Шайко С.П",Директор_________________Шайко С.П.,66,750107467,1,,,,,,,
Середа Василь,Мережа Д.С.,ТзОВ «Маркет Універсал ЛТД»,"Товариство з обмеженою відповідальністю «Маркет Універсал ЛТД» (надалі – «Виконавець»), що створене та здійснює свою діяльність відповідно до законодавства України, в особі Директора операційного ТзОВ «Маркет Універсал ЛТД» Лозинського Сергія Ярославовича ",450426,«27» лютого 2026 року,"ТзОВ «Маркет Універсал ЛТД»
Юридична адреса: 79053, м. Львів,вул. Сяйво, 127
Поштова адреса: 79026 м. Львів, вул. Сахарова, 35
Тел./факс 032-232-62-90
Р/р №UA583052990000026001031001490 
в АТ КБ «ПриватБанк»
МФО 325321, ЄДРПОУ 13838294, 
Свідоцтво №100271434, ІПН 138382913039 
o.zharovska@market-universal.com.ua 
Директор операційний
_______________ /Лозинський С.Я../","Директор операційний

_______________ /Лозинський С.Я../",62,750107473,,10,«01» серпня 2026 року,з «03» серпня по «31» серпня 2026 року,,,,
Середа Василь,Здорова Родина,ТОВ «САЛЬВЕ»,"ТОВАРИСТВО З ОБМЕЖЕНОЮ ВІДПОВІДАЛЬНІСТЮ «САЛЬВЕ» (надалі – «Виконавець»), що створене та здійснює свою діяльність відповідно до законодавства України, в особі директора Монця Тараса Олеговича, що діє на підставі Статуту, з однієї сторони, та",460326,«27» лютого 2026 року,"ТзОВ  «Сальве »
76018, м. Івано-Франківськ,
вул. Дністровська,  22 а
р/р UA293052990000026001040806675
АТ КБ « Приват Банк »
МФО 305299,  ЄДРПОУ 20148147
ІПН 201481403171
Св-во ПДВ № 100160288
Директор _______ Монець Т. О.","Директор

Монець Т.О._______________________",48,1,,,,,,,,
Середа Василь,Подорожник,ПП «Соломія-Сервіс»,"Приватне Підприємство «Соломія-Сервіс» (надалі – «Виконавець»), що створене та здійснює свою діяльність відповідно до законодавства України, в особі директора Матківського Андрія Юрієвича, що діє на підставі Статуту",470326,«27» лютого 2026 року,"ПП ""Соломія-Сервіс""
Код ЄДРПОУ 30163496
ІПН 301634913050
Адреса: 79053, м. Львів, 
вул. Бойчука, буд.5.кв. 117
IBAN: UA933253210000026009336382001
Банк ЗГРУ ПАТ КБ""ПРИВАТБАНК"" М.ЛЬВІВ, 
МФО 325321
IBAN: UA 133005280000026008455022057
в банку АТ «ОТП БАНК»
МФО: 300528
IBAN: UA 653257960000026007301367586
в банку АТ « ОЩАДБАНК»
МФО: 325796
IBAN: UA653052990000026001011011507
Банк АТ КБ""ПРИВАТБАНК""
МФО:305299
Контактна електронна адреса:
o.bundz@da.lviv.ua
Директор ПП « Соломія-Сервіс»
________________Матківський А.Ю.",Директор _________________ Матківський А.Ю.,38,750100990,,,,,,,,
Середа Василь,Хустфарм,"ТОВ ""ХУСТФАРМ"" ","ТОВАРИСТВО З ОБМЕЖЕНОЮ ВІДПОВІДАЛЬНІСТЮ «Хустфарм» (надалі – «Виконавець»), що створене та здійснює свою діяльність відповідно до законодавства України, в особі Кузьми Олени Іванівни, що діє на підставі Довіреності від 5 лютого 2019 року",480426,«27» лютого 2026 року,"ТОВ «ХУСТФАРМ»   
Юридична і фактична адреса: 90400, Закарпат-ська обл., м. Хуст, вул., Небесної Сотні, буд. 122-124, корп. 28,  ЄДРПОУ: 20463185, Іпн: 204631807154, Банківські реквізити:  у АТ “Ощадбанк”,  МФО 312356
р/р: UA 803123560000026003300562397
Контактна електронна адреса: khustpharm@gmail.com
Керівник торгового відділу
_________________________/Кузьма О.І./  ","Керівник торгового відділу
_________________________/Кузьма О.І./",50,750107264,1,,,,,,,
Середа Василь,Декада,ТОВ «ДЕКАДА-2000» ,"ТОВАРИСТВО З ОБМЕЖЕНОЮ ВІДПОВІДАЛЬНІСТЮ «ДЕКАДА-2000» (надалі - «Викона-
вець») що створене та здійснює свою діяльність відповідно до законодавства України, в особі
начальника відділу маркетингу та продажу Кравуса Остапа Ярославовича, що діє на підставі
Довіреності від 03.09.2024 року",441026,«27» лютого 2026 року,"Товариство з обмеженою
відповідальністю «Декада-2000»
Юридична адреса: 79020, м. Львів, вул.
П.Панча, буд.10 кв.54
п/р UA38 3003 3500 0000 0260 0623 6656 7 в
АТ “РайффайзенБанк”
МФО 300335
Код ЄДРПОУ: 30478073
ІПН 304780713072
Свідоцтво платника ПДВ: 18160266
Тел./факс: (032) 241-88-88
Електронна пошта: aptekapuls@ukr.net
Електронна пошта для ЕДО:
okravus@ukr.net
Начальник відділу маркетингу та продажу
__________________ Остап КРАВУС","Начальник відділу маркетингу та продажу
__________________ Остап КРАВУС",53,,,,,,,,,
Середа Василь,Аптека Знахар,ТОВ «Аптека Знахар»,"Товариство з обмеженою відповідальністю «Аптека Знахар», (надалі – «Виконавець»), що
створене та здійснює свою діяльність відповідно до законодавства України, в особі Директора
Мокрого Тараса Мирославовича, що діє на підставі Статуту",410425,«27» лютого 2026 року,"ТОВ «Аптека Знахар»
Юр. адреса: 79019, м. Львів, вул. Хмельниць-
кого Б., 1
п/р UA563209840000026005210347802
АТ «ПроКредит Банк», МФО 320984
код ЄДРПОУ 39577352
ІПН 395773513048 Витяг платника ПДВ № 1513044500154
Платник податку на прибуток на загальних пі-
дставах та платник ПДВ.
Тел. +38 (098) 86-37-157
Директор
__________________ /Т.М. Мокрий","Директор
__________________ /Т.М. Мокрий",56,,,11,«01» серпня 2026 року,з «01» серпня по «31» серпня 2026 року,2000,"Супрадин - 2,0 тис",,